{
  "total_steps": 10,
  "component_trends": {
    "CoherenceReward": [
      0.4,
      0.5,
      0.4,
      0.4,
      0.0,
      0.4,
      0.4,
      0.4,
      0.4,
      0.4,
      0.4,
      0.4,
      0.4,
      0.4,
      0.4,
      0.3,
      0.7,
      0.3,
      0.4,
      0.4,
      0.4,
      0.4,
      0.4,
      0.4,
      0.4,
      0.4,
      0.4,
      0.4,
      0.4,
      0.3,
      0.7,
      0.4,
      0.0,
      0.4,
      0.7,
      0.0,
      0.4,
      0.0,
      0.4,
      0.4
    ],
    "HelpfulnessReward": [
      0.16000000000000003,
      0.5333333333333333,
      0.11199999999999999,
      0.5199999999999999,
      0.24,
      0.16000000000000003,
      0.16000000000000003,
      0.0,
      0.38,
      0.44000000000000006,
      0.3466666666666667,
      0.16000000000000003,
      0.44799999999999995,
      0.24,
      0.38,
      0.16000000000000003,
      0.16000000000000003,
      0.0,
      0.0,
      0.16000000000000003,
      0.3466666666666667,
      0.3466666666666667,
      0.0,
      0.5199999999999999,
      0.0,
      0.30000000000000004,
      0.3466666666666667,
      0.0,
      0.24,
      0.16000000000000003,
      0.16000000000000003,
      0.5333333333333333,
      0.0,
      0.38,
      0.0,
      0.0,
      0.16000000000000003,
      0.0,
      0.24,
      0.44000000000000006
    ],
    "DiversityReward": [
      0.22285714285714286,
      0.3942857142857143,
      0.48,
      0.47307692307692306,
      0.08819999999999999,
      0.42536170212765956,
      0.17526923076923076,
      0.24757894736842107,
      0.20168399999999997,
      0.291218064516129,
      0.13805749999999997,
      0.2681512871287129,
      0.22122863505154639,
      0.2566887272727273,
      0.12859851089108912,
      0.5647152,
      0.5019398824186045,
      0.02574050679069767,
      0.08631335075229357,
      0.05950762322580644,
      0.13558811952,
      0.13558811952,
      0.19096918242253522,
      0.17513465438,
      0.05988793560770703,
      0.08858423808639998,
      0.0894121281619738,
      0.05122943889333975,
      0.14309761537033847,
      0.023676150906728723,
      0.23439389397661434,
      0.10610423184126576,
      0.003987951668352119,
      0.13651778734451905,
      0.056717534838785694,
      0.0,
      0.21677441815383894,
      0.0,
      0.15392266377787378,
      0.11170601084850551
    ],
    "ConcisenessReward": [
      0.08000000000000002,
      0.08000000000000002,
      0.08000000000000002,
      0.08399999999999999,
      0.18,
      0.12400000000000003,
      0.08399999999999999,
      0.12000000000000002,
      0.1,
      0.12799999999999997,
      0.11600000000000002,
      0.096,
      0.11200000000000002,
      0.10400000000000001,
      0.096,
      0.4,
      0.27999999999999997,
      0.27999999999999997,
      0.08000000000000002,
      0.12799999999999997,
      0.22800000000000004,
      0.08399999999999999,
      0.21600000000000003,
      0.11600000000000002,
      0.21600000000000003,
      0.13999999999999999,
      0.08000000000000002,
      0.16800000000000004,
      0.13599999999999998,
      0.27999999999999997,
      0.4,
      0.08000000000000002,
      0.08000000000000002,
      0.15600000000000003,
      0.27999999999999997,
      0.04000000000000001,
      0.26,
      0.04000000000000001,
      0.188,
      0.088
    ],
    "LengthReward": [
      0.0,
      0.0,
      0.0,
      0.0,
      0.0,
      0.0,
      0.0,
      0.0,
      0.0,
      0.0,
      0.0,
      0.0,
      0.0,
      0.0,
      0.0,
      0.255,
      0.045000000000000005,
      0.045000000000000005,
      0.0,
      0.0,
      0.0,
      0.0,
      0.0,
      0.0,
      0.0,
      0.0,
      0.0,
      0.0,
      0.0,
      0.029999999999999992,
      0.3,
      0.0,
      0.0,
      0.0,
      0.015000000000000013,
      0.09000000000000001,
      0.0,
      0.09000000000000001,
      0.0,
      0.0
    ],
    "EntropyBonus": [
      0.4383862486821966,
      0.46023159092647675,
      0.47126617453873376,
      0.4737466909858247,
      0.4183184753416279,
      0.46969796958341675,
      0.438444724394665,
      0.4360273069813464,
      0.4244679497350768,
      0.4332736650849963,
      0.41241291402531993,
      0.44509469006643904,
      0.44867889233821495,
      0.43189795652263646,
      0.3743704456863255,
      0.4590088940836597,
      0.4560675402571017,
      0.0733010287026639,
      0.36189938720166387,
      0.2823720868346178,
      0.35760220265187026,
      0.3559915427946775,
      0.34051210185565894,
      0.3828737772806721,
      0.39926553666821935,
      0.39913091444186427,
      0.3493753392959688,
      0.42864163540713746,
      0.3278594448621467,
      0.06729115692537987,
      0.4120966237261275,
      0.3667712063653973,
      0.0,
      0.37549535207527984,
      0.4055299266097296,
      0.0,
      0.3600092210238462,
      0.0,
      0.3319320532976274,
      0.32039109182716335
    ],
    "RepetitionPenalty": [
      0.2524271844660194,
      0.33786407766990295,
      0.4,
      0.3764705882352941,
      0.29743589743589743,
      0.391304347826087,
      0.21176470588235297,
      0.24516129032258066,
      0.25306122448979596,
      0.3208791208791209,
      0.2723404255319149,
      0.26262626262626265,
      0.2568421052631579,
      0.2268041237113402,
      0.29494949494949496,
      0.4,
      0.4,
      0.3804878048780488,
      0.28785046728971964,
      0.35604395604395606,
      0.2666666666666667,
      0.2823529411764706,
      0.3304347826086957,
      0.2468085106382979,
      0.3072463768115942,
      0.26363636363636367,
      0.3085714285714286,
      0.3012345679012346,
      0.32808988764044944,
      0.38095238095238093,
      0.17777777777777778,
      0.2490566037735849,
      0.3936507936507937,
      0.2571428571428571,
      0.26976744186046514,
      0.4,
      0.23448275862068968,
      0.4,
      0.28421052631578947,
      0.2495049504950495
    ],
    "ReadabilityReward": [
      0.3,
      0.3,
      0.3,
      0.3,
      0.0,
      0.3,
      0.3,
      0.3,
      0.3,
      0.3,
      0.3,
      0.3,
      0.3,
      0.3,
      0.3,
      0.3,
      0.23303571428571432,
      0.0,
      0.3,
      0.06,
      0.261,
      0.3,
      0.281,
      0.3,
      0.2637475202102801,
      0.3,
      0.2829545454545454,
      0.2815131774019347,
      0.3,
      0.0,
      0.2712132034355964,
      0.3,
      0.0,
      0.3,
      0.23812499999999998,
      0.0,
      0.3,
      0.0,
      0.3,
      0.3
    ],
    "ToxicityReward": [
      1.0,
      1.0,
      1.0,
      0.5,
      1.0,
      1.0,
      1.0,
      1.0,
      1.0,
      1.0,
      1.0,
      1.0,
      1.0,
      1.0,
      1.0,
      1.0,
      1.0,
      1.0,
      1.0,
      1.0,
      1.0,
      1.0,
      1.0,
      1.0,
      1.0,
      1.0,
      1.0,
      1.0,
      1.0,
      1.0,
      1.0,
      1.0,
      1.0,
      1.0,
      1.0,
      1.0,
      1.0,
      1.0,
      1.0,
      1.0
    ]
  },
  "avg_rewards": {
    "CoherenceReward": 0.37750000000000006,
    "HelpfulnessReward": 0.22333333333333333,
    "DiversityReward": 0.1840941255962869,
    "ConcisenessReward": 0.1507,
    "LengthReward": 0.02175,
    "EntropyBonus": 0.35474334397704427,
    "RepetitionPenalty": 0.3038975173435384,
    "ReadabilityReward": 0.24181472901970177,
    "ToxicityReward": 0.9875
  },
  "reward_statistics": {
    "CoherenceReward": {
      "mean": 0.37750000000000006,
      "std": 0.15245901088489325,
      "min": 0.0,
      "max": 0.7,
      "count": 40
    },
    "HelpfulnessReward": {
      "mean": 0.22333333333333333,
      "std": 0.17358981024882256,
      "min": 0.0,
      "max": 0.5333333333333333,
      "count": 40
    },
    "DiversityReward": {
      "mean": 0.1840941255962869,
      "std": 0.14430675628468545,
      "min": 0.0,
      "max": 0.5647152,
      "count": 40
    },
    "ConcisenessReward": {
      "mean": 0.1507,