{
  "episode": 4,
  "total_return": 1.0,
  "message_ct": 0,
  "actions": [
    0
  ],
  "final_reward": 1.0,
  "policy_loss": -4.5474734072206875e-15,
  "mean_reward": -2.3841858265427618e-08,
  "std_reward": 0.8944271802902222
}