{
  "episode": 9,
  "total_return": 1.0,
  "message_ct": 0,
  "actions": [
    0
  ],
  "final_reward": 1.0,
  "policy_loss": 2.2737367036103438e-15,
  "mean_reward": -1.1920929132713809e-08,
  "std_reward": 0.8944272398948669
}