{
  "episode": 9,
  "total_return": -1.0,
  "message_ct": 0,
  "actions": [
    0
  ],
  "final_reward": -1.0,
  "policy_loss": -7.105427357601002e-15,
  "mean_reward": -0.6,
  "std_reward": 0.8944272398948669
}