{
  "episode": 9,
  "total_return": -1.0,
  "message_ct": 0,
  "actions": [
    0
  ],
  "final_reward": -1.0,
  "policy_loss": 1.4210854715202004e-14,
  "mean_reward": -0.4,
  "std_reward": 0.8944271802902222
}